title,price,rating,reviews,delivery_days,work_type,extraction_date
Oli Swinburne,150.0,4.9,54.0,,logo_design,2025-09-01 11:19:18
Lazar Keleman,35.0,4.9,274.0,,logo_design,2025-09-01 11:19:18
Haleema Amir,50.0,5.0,70.0,,logo_design,2025-09-01 11:19:18
Abdullah Ch,75.0,4.8,973.0,,logo_design,2025-09-01 11:19:18
Oli Swinburne,25.0,5.0,6.0,,logo_design,2025-09-01 11:19:18
I will create modern minimalist stunning business logo design,25.0,4.9,717.0,,logo_design,2025-09-01 11:19:18
Danial Khalid,20.0,4.9,602.0,,logo_design,2025-09-01 11:19:18
Xymbolic D.,55.0,4.9,264.0,,logo_design,2025-09-01 11:19:18
Lazar Keleman,60.0,5.0,55.0,,logo_design,2025-09-01 11:19:18
Aflah Design,50.0,4.9,138.0,,logo_design,2025-09-01 11:19:18
I will do modern minimalist and luxury business logo design,40.0,5.0,184.0,,logo_design,2025-09-01 11:19:18
Oli Swinburne,40.0,5.0,27.0,,logo_design,2025-09-01 11:19:18
Oli Swinburne,45.0,4.8,78.0,,logo_design,2025-09-01 11:19:18
Sharmin Akter,20.0,4.8,56.0,,logo_design,2025-09-01 11:19:18
I will do modern minimalist unique business logo design,15.0,4.8,45.0,,logo_design,2025-09-01 11:19:18
Daniel Suarez,20.0,5.0,135.0,,logo_design,2025-09-01 11:19:18
Ashraful Khan,40.0,4.9,56.0,,logo_design,2025-09-01 11:19:18
,20.0,4.9,61.0,,logo_design,2025-09-01 11:19:18
,25.0,4.9,164.0,,logo_design,2025-09-01 11:19:18
,25.0,4.9,471.0,,logo_design,2025-09-01 11:19:18
,45.0,4.9,394.0,,logo_design,2025-09-01 11:19:18
,35.0,4.8,40.0,,logo_design,2025-09-01 11:19:18
,50.0,4.7,312.0,,logo_design,2025-09-01 11:19:18
,30.0,5.0,48.0,,logo_design,2025-09-01 11:19:18
,40.0,4.8,280.0,,logo_design,2025-09-01 11:19:18
,15.0,4.9,272.0,,logo_design,2025-09-01 11:19:18
,20.0,4.8,145.0,,logo_design,2025-09-01 11:19:18
,10.0,4.9,49.0,,logo_design,2025-09-01 11:19:18
,20.0,4.7,49.0,,logo_design,2025-09-01 11:19:18
,30.0,5.0,993.0,,logo_design,2025-09-01 11:19:18
,5.0,4.9,280.0,,logo_design,2025-09-01 11:19:18
,20.0,5.0,107.0,,logo_design,2025-09-01 11:19:18
,50.0,4.9,41.0,,logo_design,2025-09-01 11:19:18
,20.0,4.8,330.0,,logo_design,2025-09-01 11:19:18
,50.0,4.8,404.0,,logo_design,2025-09-01 11:19:18
,40.0,4.9,33.0,,logo_design,2025-09-01 11:19:18
,30.0,5.0,50.0,,logo_design,2025-09-01 11:19:18
,45.0,4.7,54.0,,logo_design,2025-09-01 11:19:18
,10.0,4.9,274.0,,logo_design,2025-09-01 11:19:18
,20.0,4.7,70.0,,logo_design,2025-09-01 11:19:18
,55.0,4.8,973.0,,logo_design,2025-09-01 11:19:18
,20.0,4.6,6.0,,logo_design,2025-09-01 11:19:18
,25.0,5.0,717.0,,logo_design,2025-09-01 11:19:18
,25.0,4.8,602.0,,logo_design,2025-09-01 11:19:18
,25.0,4.9,264.0,,logo_design,2025-09-01 11:19:18
,45.0,5.0,55.0,,logo_design,2025-09-01 11:19:18
,25.0,4.9,138.0,,logo_design,2025-09-01 11:19:18
,150.0,4.7,184.0,,logo_design,2025-09-01 11:19:18
,35.0,4.9,27.0,,logo_design,2025-09-01 11:19:18
,50.0,4.9,78.0,,logo_design,2025-09-01 11:19:18
,75.0,5.0,56.0,,logo_design,2025-09-01 11:19:18
,25.0,4.8,274.0,,logo_design,2025-09-01 11:19:18
,25.0,5.0,574.0,,logo_design,2025-09-01 11:19:18
,20.0,4.9,54.0,,logo_design,2025-09-01 11:19:18
,55.0,4.9,70.0,,logo_design,2025-09-01 11:19:18
,60.0,4.9,848.0,,logo_design,2025-09-01 11:19:18
,50.0,5.0,34.0,,logo_design,2025-09-01 11:19:18
,40.0,4.9,183.0,,logo_design,2025-09-01 11:19:18
,40.0,5.0,34.0,,logo_design,2025-09-01 11:19:18
,45.0,5.0,53.0,,logo_design,2025-09-01 11:19:18
,20.0,4.8,794.0,,logo_design,2025-09-01 11:19:18
,15.0,4.8,140.0,,logo_design,2025-09-01 11:19:18
,35.0,4.8,582.0,,unknown,2025-09-01 11:19:18
,110.0,5.0,27.0,,logo_design,2025-09-01 11:19:18
,150.0,4.9,973.0,,,2025-09-01 11:19:18
,50.0,4.9,196.0,,,2025-09-01 11:19:18
,20.0,4.9,18.0,,,2025-09-01 11:19:18
,5.0,5.0,25.0,,,2025-09-01 11:19:18
,30.0,4.9,24.0,,,2025-09-01 11:19:18
,20.0,4.7,404.0,,,2025-09-01 11:19:18
,30.0,4.8,16.0,,,2025-09-01 11:19:18
,55.0,4.9,265.0,,,2025-09-01 11:19:18
,25.0,4.9,599.0,,,2025-09-01 11:19:18
,35.0,4.9,45.0,,,2025-09-01 11:19:18
,100.0,4.8,55.0,,,2025-09-01 11:19:18
,35.0,4.9,118.0,,,2025-09-01 11:19:18
,75.0,4.9,164.0,,,2025-09-01 11:19:18
,65.0,4.8,27.0,,,2025-09-01 11:19:18
,5.0,4.8,134.0,,,2025-09-01 11:19:18
,50.0,4.9,53.0,,,2025-09-01 11:19:18
,25.0,4.8,41.0,,,2025-09-01 11:19:18
,25.0,5.0,186.0,,,2025-09-01 11:19:18
,30.0,4.9,359.0,,,2025-09-01 11:19:18
,40.0,4.9,309.0,,,2025-09-01 11:19:18
,45.0,5.0,394.0,,,2025-09-01 11:19:18
,55.0,4.7,224.0,,,2025-09-01 11:19:18
,50.0,4.9,860.0,,,2025-09-01 11:19:18
,35.0,4.8,574.0,,,2025-09-01 11:19:18
,20.0,5.0,33.0,,,2025-09-01 11:19:18
,100.0,4.8,167.0,,,2025-09-01 11:19:18
,35.0,4.7,24.0,,,2025-09-01 11:19:18
,5.0,4.9,38.0,,,2025-09-01 11:19:18
,5.0,4.9,274.0,,,2025-09-01 11:19:18
,50.0,4.8,574.0,,,2025-09-01 11:19:18
,30.0,4.7,54.0,,,2025-09-01 11:19:18
,25.0,4.9,70.0,,,2025-09-01 11:19:18
,15.0,4.8,848.0,,,2025-09-01 11:19:18
,50.0,4.8,34.0,,,2025-09-01 11:19:18
,50.0,4.9,183.0,,,2025-09-01 11:19:18
,40.0,4.8,34.0,,,2025-09-01 11:19:18
,25.0,4.8,53.0,,,2025-09-01 11:19:18
,20.0,4.8,794.0,,,2025-09-01 11:19:18
,15.0,4.9,140.0,,,2025-09-01 11:19:18
,40.0,4.9,582.0,,,2025-09-01 11:19:18
,110.0,4.7,27.0,,,2025-09-01 11:19:18
,25.0,4.9,973.0,,,2025-09-01 11:19:18
,40.0,4.7,196.0,,,2025-09-01 11:19:18
,45.0,4.9,18.0,,,2025-09-01 11:19:18
,50.0,5.0,25.0,,,2025-09-01 11:19:18
,35.0,4.9,24.0,,,2025-09-01 11:19:18
,110.0,5.0,404.0,,,2025-09-01 11:19:18
,150.0,4.9,274.0,,,2025-09-01 11:19:18
,50.0,4.9,574.0,,,2025-09-01 11:19:18
,20.0,4.9,54.0,,,2025-09-01 11:19:18
,5.0,4.9,70.0,,,2025-09-01 11:19:18
,30.0,5.0,27.0,,,2025-09-01 11:19:18
,20.0,4.9,46.0,,,2025-09-01 11:19:18
,30.0,4.7,274.0,,,2025-09-01 11:19:18
,55.0,4.8,574.0,,,2025-09-01 11:19:18
,25.0,4.9,54.0,,,2025-09-01 11:19:18
,35.0,4.9,70.0,,,2025-09-01 11:19:18
,100.0,4.9,27.0,,,2025-09-01 11:19:18
,35.0,4.8,46.0,,,2025-09-01 11:19:18
,75.0,4.9,274.0,,,2025-09-01 11:19:18
,65.0,4.9,574.0,,,2025-09-01 11:19:18
,5.0,4.8,54.0,,,2025-09-01 11:19:18
,50.0,4.8,320.0,,,2025-09-01 11:19:18
,25.0,4.9,199.0,,,2025-09-01 11:19:18
,35.0,4.8,14.0,,,2025-09-01 11:19:18
,110.0,5.0,866.0,,,2025-09-01 11:19:18
,150.0,4.9,1.0,,,2025-09-01 11:19:18
,35.0,4.9,5.0,,,2025-09-01 11:19:18
,20.0,4.9,64.0,,,2025-09-01 11:19:18
,50.0,4.9,70.0,,,2025-09-01 11:19:18
,100.0,4.9,27.0,,,2025-09-01 11:19:18
,20.0,4.8,46.0,,,2025-09-01 11:19:18
,35.0,4.8,485.0,,,2025-09-01 11:19:18
,110.0,5.0,350.0,,,2025-09-01 11:19:18
,150.0,4.9,169.0,,,2025-09-01 11:19:18
,35.0,5.0,84.0,,,2025-09-01 11:19:18
,20.0,4.9,137.0,,,2025-09-01 11:19:18
,50.0,4.9,143.0,,,2025-09-01 11:19:18
,100.0,4.9,125.0,,,2025-09-01 11:19:18
,20.0,4.8,280.0,,,2025-09-01 11:19:18
,35.0,4.8,973.0,,,2025-09-01 11:19:18
,110.0,5.0,287.0,,,2025-09-01 11:19:18
,150.0,4.9,23.0,,,2025-09-01 11:19:18
,35.0,5.0,10.0,,,2025-09-01 11:19:18
,85.0,4.9,17.0,,,2025-09-01 11:19:18
,25.0,4.9,172.0,,,2025-09-01 11:19:18
,30.0,4.9,7.0,,,2025-09-01 11:19:18
,5.0,4.8,245.0,,,2025-09-01 11:19:18
,45.0,4.8,404.0,,,2025-09-01 11:19:18
,15.0,4.9,515.0,,,2025-09-01 11:19:18
,30.0,4.8,83.0,,,2025-09-01 11:19:18
,30.0,5.0,231.0,,,2025-09-01 11:19:18
,50.0,4.9,111.0,,,2025-09-01 11:19:18
,100.0,5.0,81.0,,,2025-09-01 11:19:18
,20.0,4.8,19.0,,,2025-09-01 11:19:18
,20.0,4.8,97.0,,,2025-09-01 11:19:18
,75.0,5.0,794.0,,,2025-09-01 11:19:18
,5.0,4.9,274.0,,,2025-09-01 11:19:18
,80.0,4.8,574.0,,,2025-09-01 11:19:18
,20.0,5.0,54.0,,,2025-09-01 11:19:18
,40.0,4.9,320.0,,,2025-09-01 11:19:18
,25.0,5.0,199.0,,,2025-09-01 11:19:18
,10.0,4.9,14.0,,,2025-09-01 11:19:18
,5.0,5.0,866.0,,,2025-09-01 11:19:18
,20.0,5.0,1.0,,,2025-09-01 11:19:18
,75.0,4.9,5.0,,,2025-09-01 11:19:18
,20.0,4.8,64.0,,,2025-09-01 11:19:18
,50.0,4.9,70.0,,,2025-09-01 11:19:18
,5.0,4.8,27.0,,,2025-09-01 11:19:18
,130.0,4.8,46.0,,,2025-09-01 11:19:18
,25.0,4.9,485.0,,,2025-09-01 11:19:18
,50.0,4.9,350.0,,,2025-09-01 11:19:18
,10.0,5.0,169.0,,,2025-09-01 11:19:18
,10.0,4.8,84.0,,,2025-09-01 11:19:18
,30.0,5.0,,,,2025-09-01 11:19:18
,25.0,5.0,,,,2025-09-01 11:19:18
,65.0,4.7,,,,2025-09-01 11:19:18
,40.0,5.0,,,,2025-09-01 11:19:18
,25.0,5.0,,,,2025-09-01 11:19:18
,20.0,4.9,,,,2025-09-01 11:19:18
,40.0,4.9,,,,2025-09-01 11:19:18
,15.0,4.9,,,,2025-09-01 11:19:18
,110.0,4.9,,,,2025-09-01 11:19:18
,30.0,5.0,,,,2025-09-01 11:19:18
,35.0,4.8,,,,2025-09-01 11:19:18
,50.0,5.0,,,,2025-09-01 11:19:18
,55.0,4.8,,,,2025-09-01 11:19:18
,35.0,4.9,,,,2025-09-01 11:19:18
,110.0,4.9,,,,2025-09-01 11:19:18
,150.0,4.9,,,,2025-09-01 11:19:18
,35.0,4.9,,,,2025-09-01 11:19:18
,85.0,4.9,,,,2025-09-01 11:19:18
,25.0,4.9,,,,2025-09-01 11:19:18
,30.0,4.9,,,,2025-09-01 11:19:18
,5.0,4.9,,,,2025-09-01 11:19:18
,45.0,4.8,,,,2025-09-01 11:19:18
,15.0,4.8,,,,2025-09-01 11:19:18
,30.0,4.9,,,,2025-09-01 11:19:18
,30.0,4.8,,,,2025-09-01 11:19:18
,50.0,5.0,,,,2025-09-01 11:19:18
,100.0,4.9,,,,2025-09-01 11:19:18
,20.0,5.0,,,,2025-09-01 11:19:18
,20.0,4.8,,,,2025-09-01 11:19:18
,75.0,4.8,,,,2025-09-01 11:19:18
,5.0,5.0,,,,2025-09-01 11:19:18
,80.0,4.9,,,,2025-09-01 11:19:18
,20.0,4.8,,,,2025-09-01 11:19:18
,,5.0,,,,2025-09-01 11:19:18
,,4.9,,,,2025-09-01 11:19:18
,,5.0,,,,2025-09-01 11:19:18
,,4.9,,,,2025-09-01 11:19:18
,,5.0,,,,2025-09-01 11:19:18
